user_id,destination,length,veh_id,price,weather_id,color
USR0119028,"105.841113, 20.999688",220 km,BIKE_15897,23.0,1246,Red
USR0061372,"105.807203, 20.997346",383 km,BIKE_01215,27.0,1150,Silver
USR0098299,"105.709500, 20.971449",386 km,BIKE_10054,30.0,1183,Black
USR0001276,"105.728041, 21.032656",377 km,BIKE_14113,39.0,1030,Black
USR0078520,"106.686201, 10.899786",66 km,BIKE_15888,29.0,1198,Red
USR0009077,"106.743736, 10.776341",89 km,BIKE_14399,20.0,1069,Blue
USR0098413,"106.758786, 10.853300",265 km,BIKE_06542,20.0,1072,Black
USR0044151,"105.867699, 21.188567",247 km,BIKE_02536,27.0,1168,Orange
USR0168365,"105.776328, 21.063187",473 km,BIKE_03386,24.0,1030,Red
USR0121227,"106.630397, 10.773461",328 km,BIKE_26633,11.0,1183,Blue
USR0027702,"106.771432, 10.898671",285 km,BIKE_25846,8.0,1147,White
USR0122036,"106.785571, 10.804207",407 km,BIKE_23372,22.0,1264,White
USR0117828,"106.751046, 10.765318",358 km,BIKE_35325,24.0,1273,Blue
USR0021213,"106.604175, 10.775326",172 km,BIKE_04045,33.0,1087,Grey
USR0066850,"105.775062, 20.918890",263 km,BIKE_02054,11.0,1135,Grey
USR0061552,"105.854001, 21.187084",349 km,BIKE_25013,27.0,1135,Grey
USR0112241,"106.641567, 10.714572",188 km,BIKE_12166,23.0,1192,Silver
USR0183500,"106.653121, 10.818316",17 km,BIKE_25912,24.0,1150,Black
USR0158065,"105.888774, 21.181165",266 km,BIKE_29357,25.0,1249,White
USR0077832,"106.779465, 10.741286",166 km,BIKE_38313,37.0,1276,Blue
USR0031412,"106.795189, 10.806402",136 km,BIKE_33293,17.0,1006,Grey
USR0160707,"106.654753, 10.863451",42 km,BIKE_37555,16.0,1183,Black
USR0158468,"106.646084, 10.872356",127 km,BIKE_10182,24.0,1192,Unknown
USR0090267,"106.738260, 10.768406",497 km,BIKE_12169,25.0,1066,Grey
USR0122036,"106.723541, 10.814364",308 km,BIKE_26530,26.0,1063,Grey
USR0180047,"105.762192, 21.080265",300 km,BIKE_24555,24.0,1237,Black
USR0099551,"105.885416, 20.964906",265 km,BIKE_03128,8.0,1279,White
USR0182564,"105.769127, 21.090912",272 km,BIKE_12865,8.0,1219,Black
USR0099191,"105.718104, 21.117609",476 km,BIKE_29940,35.0,1219,Unknown
USR0036357,"105.792065, 20.926649",200 km,BIKE_07794,24.0,1249,White
USR0130095,"106.767262, 10.804801",95 km,BIKE_12581,29.0,1222,Grey
USR0039358,"106.688999, 10.809290",132 km,BIKE_32563,24.0,1087,Blue
USR0136621,"106.732099, 10.726351",347 km,BIKE_12776,11.0,1198,Unknown
USR0158065,"106.748159, 10.711623",412 km,BIKE_28881,26.0,1210,Black
USR0027214,"105.887870, 21.022068",27 km,BIKE_14518,40.0,1222,Yellow
USR0139702,"106.629627, 10.771723",387 km,BIKE_00578,28.0,1243,Grey
USR0010180,"105.775907, 21.177223",108 km,BIKE_31838,26.0,1216,Black
USR0045652,"105.895014, 21.025321",437 km,BIKE_33068,42.0,1213,Silver
USR0186639,"105.792232, 21.192256",88 km,BIKE_09620,27.0,1180,Blue
USR0102220,"106.681764, 10.876227",384 km,BIKE_16513,30.0,1195,White
USR0133131,"106.735826, 10.702401",10 km,BIKE_16421,19.0,1063,Yellow
USR0066494,"106.768900, 10.740299",214 km,BIKE_20948,30.0,1207,Black
USR0164789,"105.862348, 20.914065",366 km,BIKE_25629,12.0,1030,Blue
USR0114784,"105.746366, 20.998424",391 km,BIKE_07249,11.0,1150,Blue
USR0010488,"106.608326, 10.899268",11 km,BIKE_03406,26.0,1147,White
USR0051167,"105.727165, 21.079635",437 km,BIKE_23304,47.0,1171,Black
USR0049725,"106.697842, 10.849393",323 km,BIKE_25130,28.0,1213,Black
USR0122335,"105.793503, 21.110227",90 km,BIKE_13981,24.0,1249,Black
USR0053627,"106.657817, 10.734453",280 km,BIKE_06573,9.0,1225,Black
USR0047046,"105.897066, 21.052538",314 km,BIKE_15731,25.0,1222,Red
USR0195659,"105.871191, 21.110094",42 km,BIKE_21358,43.0,1249,Silver
USR0060997,"106.745755, 10.814782",457 km,BIKE_02279,31.0,1006,Black
USR0068534,"106.743988, 10.780090",496 km,BIKE_33874,29.0,1183,Black
USR0126677,"105.709810, 21.019055",96 km,BIKE_02310,22.0,1180,Unknown
USR0099191,"105.758331, 21.136448",324 km,BIKE_19245,22.0,1087,White
USR0179704,"105.763652, 21.038644",84 km,BIKE_30003,37.0,1249,Gold
USR0096971,"106.753498, 10.735346",223 km,BIKE_03645,23.0,1213,Black
USR0041412,"106.604099, 10.790094",398 km,BIKE_31445,11.0,1069,Black
USR0057120,"105.809356, 21.093369",473 km,BIKE_34875,26.0,1192,Black
USR0143287,"106.632485, 10.763287",402 km,BIKE_26592,23.0,1147,Grey
USR0172319,"106.669936, 10.752565",321 km,BIKE_25276,29.0,1168,Grey
USR0151075,"106.702409, 10.873505",351 km,BIKE_07685,48.0,1009,Black
USR0163843,"105.718691, 21.100654",63 km,BIKE_08223,19.0,1225,Grey
USR0108719,"106.792909, 10.779845",283 km,BIKE_28606,29.0,1273,Black
USR0080032,"105.762127, 21.076374",499 km,BIKE_12335,28.0,1219,Unknown
USR0146265,"106.686223, 10.838402",168 km,BIKE_24737,30.0,1261,Black
USR0011131,"106.694236, 10.879292",368 km,BIKE_37400,19.0,1147,Orange
USR0142372,"106.741440, 10.743447",15 km,BIKE_02733,10.0,1069,White
USR0158367,"105.874588, 21.116304",338 km,BIKE_16190,45.0,1279,Silver
USR0020521,"105.729455, 21.011459",328 km,BIKE_06777,34.0,1147,White
USR0013181,"106.746118, 10.833588",393 km,BIKE_36999,25.0,1240,Red
USR0157027,"105.818465, 20.994658",152 km,BIKE_16942,25.0,1135,Black
USR0028766,"105.815085, 21.011958",277 km,BIKE_31456,9.0,1189,Silver
USR0103778,"105.769794, 21.126585",326 km,BIKE_05716,30.0,1087,White
USR0114799,"106.651363, 10.862684",158 km,BIKE_22618,9.0,1216,White
USR0000254,"106.722346, 10.796915",162 km,BIKE_20294,26.0,1147,Black
USR0144527,"105.832926, 21.056073",18 km,BIKE_33494,47.0,1273,Grey
USR0036357,"105.702406, 21.152575",357 km,BIKE_11510,20.0,1153,White
USR0013225,"105.802961, 21.109154",318 km,BIKE_36706,44.0,1237,Beige
USR0082985,"105.721195, 20.966609",144 km,BIKE_27071,32.0,1147,White
USR0144527,"105.722867, 21.120857",48 km,BIKE_05226,9.0,1009,Black
USR0159172,"106.797220, 10.848354",354 km,BIKE_13808,26.0,1210,Orange
USR0148639,"106.619992, 10.820692",47 km,BIKE_25260,8.0,1252,Blue
USR0094262,"106.626794, 10.702879",495 km,BIKE_33968,59.0,1204,Black
USR0051167,"106.772712, 10.771049",442 km,BIKE_35466,29.0,1030,Red
USR0027524,"105.758229, 20.990999",437 km,BIKE_23607,28.0,1135,Unknown
USR0053467,"105.848407, 20.907471",94 km,BIKE_33513,18.0,1135,Red
USR0174927,"106.644337, 10.778910",349 km,BIKE_28973,11.0,1147,Orange
USR0090425,"105.884397, 21.091515",172 km,BIKE_37552,28.0,1195,Black
USR0134527,"106.759605, 10.887863",227 km,BIKE_22702,25.0,1276,White
USR0146265,"106.688515, 10.786273",309 km,BIKE_38409,35.0,1135,Grey
USR0157099,"105.875541, 21.168539",317 km,BIKE_21088,38.0,1279,White
USR0074004,"105.890204, 21.194589",157 km,BIKE_32068,40.0,1210,Red
USR0165422,"106.780930, 10.883183",230 km,BIKE_32988,10.0,1273,Red
USR0063116,"106.651549, 10.850455",236 km,BIKE_21122,24.0,1003,Blue
USR0169376,"105.866415, 21.143616",184 km,BIKE_01219,28.0,1213,Black
USR0061751,"106.774361, 10.841626",445 km,BIKE_09975,59.0,1246,Black
USR0040720,"106.766062, 10.764872",195 km,BIKE_29479,36.0,1273,Black
USR0172042,"105.707175, 21.138806",111 km,BIKE_22805,18.0,1180,Grey
USR0171461,"106.771442, 10.744477",226 km,BIKE_29254,32.0,1204,Bronze
USR0006194,"105.850928, 21.026775",332 km,BIKE_20257,19.0,1153,White
USR0029483,"106.748140, 10.798866",46 km,BIKE_13542,25.0,1237,White
USR0060882,"106.787762, 10.707116",465 km,BIKE_30070,23.0,1192,Black
USR0181634,"106.778295, 10.772272",309 km,BIKE_07568,44.0,1030,Unknown
USR0064220,"106.762769, 10.786640",434 km,BIKE_01117,24.0,1000,Black
USR0139477,"105.758712, 21.121979",466 km,BIKE_30164,18.0,1009,White
USR0183678,"106.615473, 10.878799",223 km,BIKE_29958,8.0,1063,Red
USR0031523,"106.626421, 10.760071",259 km,BIKE_01260,35.0,1249,Blue
USR0054007,"106.672455, 10.828304",313 km,BIKE_07091,12.0,1072,White
USR0150297,"106.700938, 10.797685",190 km,BIKE_04937,21.0,1180,Unknown
USR0051167,"105.859325, 21.000863",425 km,BIKE_27913,17.0,1261,Green
USR0006253,"105.759593, 21.177677",123 km,BIKE_21989,24.0,1264,Silver
USR0187072,"106.670047, 10.706956",312 km,BIKE_04500,11.0,1240,White
USR0082560,"105.731932, 20.912585",470 km,BIKE_27930,26.0,1168,White
USR0158262,"106.686828, 10.783430",103 km,BIKE_22172,47.0,1153,White
USR0122036,"105.803122, 21.048721",105 km,BIKE_35948,32.0,1171,Green
USR0069782,"106.670018, 10.776701",391 km,BIKE_05528,12.0,1273,Black
USR0133329,"106.777684, 10.781056",372 km,BIKE_07643,11.0,1069,Beige
USR0011923,"106.612148, 10.808104",395 km,BIKE_30713,11.0,1006,White
USR0153262,"105.788296, 20.990816",165 km,BIKE_24103,21.0,1240,Unknown
USR0045174,"106.613471, 10.773655",96 km,BIKE_07204,23.0,1261,White
USR0072355,"106.715161, 10.826508",34 km,BIKE_28339,20.0,1273,White
USR0095634,"106.764989, 10.776907",28 km,BIKE_31011,35.0,1201,White
USR0126956,"105.747310, 21.040264",308 km,BIKE_34456,24.0,1252,Blue
USR0065017,"105.774574, 21.110590",423 km,BIKE_18969,18.0,1237,Grey
USR0159517,"105.877747, 20.947624",52 km,BIKE_02467,25.0,1186,Red
USR0132042,"105.769600, 21.181118",474 km,BIKE_15902,23.0,1069,Black
USR0142909,"105.852800, 21.060788",314 km,BIKE_19855,16.0,1261,White
USR0001556,"106.661149, 10.896922",484 km,BIKE_20484,22.0,1180,Grey
USR0118367,"105.867891, 21.010051",216 km,BIKE_05764,18.0,1279,Black
USR0047046,"106.658022, 10.823133",35 km,BIKE_24172,26.0,1237,Black
USR0070316,"105.846897, 21.082009",157 km,BIKE_22739,18.0,1135,White
USR0049870,"106.624567, 10.832187",225 km,BIKE_02008,56.0,1069,Black
USR0107797,"106.621938, 10.715465",155 km,BIKE_29895,24.0,1246,Red
USR0040720,"106.756098, 10.764787",459 km,BIKE_18462,28.0,1252,White
USR0108609,"105.872656, 20.995488",243 km,BIKE_34424,11.0,1276,White
USR0112062,"106.797229, 10.720786",412 km,BIKE_29854,23.0,1261,Unknown
USR0167271,"106.656135, 10.770524",167 km,BIKE_15747,29.0,1147,White
USR0109959,"106.609337, 10.826874",87 km,BIKE_37193,22.0,1153,Green
USR0088167,"106.775543, 10.798129",112 km,BIKE_35614,31.0,1219,Orange
USR0063336,"106.679201, 10.888426",258 km,BIKE_16329,20.0,1135,Grey
USR0199859,"105.866844, 21.061173",404 km,BIKE_18092,25.0,1147,White
USR0049473,"106.688610, 10.834969",176 km,BIKE_07530,27.0,1192,Orange
USR0076335,"106.622689, 10.808823",243 km,BIKE_30650,38.0,1210,Black
USR0122842,"105.886155, 21.000407",320 km,BIKE_11444,27.0,1246,Silver
USR0106516,"105.804629, 21.199278",426 km,BIKE_03528,20.0,1237,Silver
USR0005435,"105.810112, 21.129750",258 km,BIKE_33512,30.0,1168,Black
USR0077529,"105.836575, 21.140818",294 km,BIKE_27106,20.0,1219,Black
USR0176239,"105.818825, 21.179555",204 km,BIKE_14623,33.0,1186,White
USR0010554,"106.651338, 10.792822",135 km,BIKE_22938,21.0,1216,Green
USR0194437,"106.705642, 10.871724",158 km,BIKE_03645,23.0,1003,Black
USR0018150,"106.621637, 10.826803",246 km,BIKE_31963,27.0,1009,Green
USR0178323,"105.832845, 21.196047",123 km,BIKE_31490,21.0,1210,Black
USR0128353,"106.615949, 10.844307",233 km,BIKE_01465,51.0,1003,Red
USR0009136,"105.747970, 21.108331",495 km,BIKE_26513,45.0,1192,Red
USR0038066,"106.755973, 10.729080",289 km,BIKE_03931,12.0,1195,Grey
USR0155416,"106.687355, 10.783096",406 km,BIKE_25804,62.0,1189,Red
USR0097914,"106.674697, 10.888175",361 km,BIKE_05673,20.0,1186,Black
USR0158824,"105.805080, 21.178034",90 km,BIKE_05457,20.0,1198,Grey
USR0161039,"105.771997, 20.950702",464 km,BIKE_12315,43.0,1219,Red
USR0072487,"105.721499, 21.046885",56 km,BIKE_30924,21.0,1264,White
USR0049725,"105.778479, 21.000456",439 km,BIKE_35320,36.0,1243,Black
USR0017012,"105.806453, 21.043010",301 km,BIKE_34147,10.0,1072,Black
USR0148342,"106.651615, 10.727585",120 km,BIKE_17644,23.0,1276,Red
USR0127752,"106.795256, 10.870301",333 km,BIKE_35410,31.0,1171,Red
USR0035422,"105.838455, 21.023689",466 km,BIKE_09237,48.0,1210,Black
USR0044371,"105.795807, 20.922224",121 km,BIKE_13077,30.0,1216,Black
USR0136687,"105.751833, 20.904801",139 km,BIKE_10580,31.0,1237,Grey
USR0095634,"105.875190, 20.990587",87 km,BIKE_17287,23.0,1273,Silver
USR0106150,"105.860675, 20.995261",358 km,BIKE_28999,30.0,1252,White
USR0137869,"105.842489, 20.975929",460 km,BIKE_05525,18.0,1252,Silver
USR0185618,"105.875338, 21.036951",162 km,BIKE_34352,23.0,1252,Black
USR0079287,"105.830828, 21.035168",326 km,BIKE_08357,11.0,1246,Blue
USR0163641,"106.784516, 10.834514",285 km,BIKE_35606,33.0,1171,Red
USR0187189,"106.708083, 10.859273",306 km,BIKE_32685,10.0,1207,Black
USR0123105,"105.719329, 21.162609",48 km,BIKE_33581,33.0,1147,Black
USR0111045,"106.757135, 10.720553",339 km,BIKE_07643,11.0,1009,Beige
USR0149599,"106.674536, 10.882811",27 km,BIKE_21579,34.0,1087,White
USR0187299,"106.637840, 10.790745",278 km,BIKE_06311,10.0,1213,Red
USR0038610,"105.707510, 20.910041",301 km,BIKE_08450,23.0,1135,Red
USR0146265,"106.787982, 10.804772",397 km,BIKE_27232,9.0,1261,Grey
USR0030833,"106.670164, 10.709301",306 km,BIKE_24221,23.0,1264,Grey
USR0068498,"105.778642, 21.110452",109 km,BIKE_22655,30.0,1222,Green
USR0000238,"106.795902, 10.870765",93 km,BIKE_36938,39.0,1273,Grey
USR0125485,"106.687368, 10.727981",434 km,BIKE_20873,19.0,1240,Blue
USR0122061,"105.838621, 21.071224",313 km,BIKE_36982,27.0,1276,Grey
USR0095189,"105.756675, 21.162023",493 km,BIKE_37577,9.0,1207,Green
USR0130607,"105.843609, 21.131644",213 km,BIKE_01697,20.0,1168,Black
USR0133479,"106.786721, 10.728729",429 km,BIKE_27524,21.0,1189,Black
USR0157313,"106.771401, 10.756070",281 km,BIKE_15980,29.0,1216,Black
USR0001383,"105.894908, 21.069874",50 km,BIKE_35322,20.0,1066,Black
USR0145411,"106.723339, 10.731794",340 km,BIKE_36737,43.0,1264,Blue
USR0183500,"105.702580, 21.017614",319 km,BIKE_34463,9.0,1216,Grey
USR0005075,"106.705794, 10.799366",174 km,BIKE_17797,20.0,1201,Grey
USR0007190,"105.786774, 21.174615",235 km,BIKE_29954,38.0,1246,Blue
USR0110516,"105.794186, 21.165686",271 km,BIKE_04325,24.0,1000,Red
USR0036578,"106.751676, 10.893427",310 km,BIKE_15694,28.0,1189,Black
USR0059225,"105.843302, 20.915034",321 km,BIKE_08975,38.0,1243,Blue
USR0120926,"105.729784, 20.992098",245 km,BIKE_17128,36.0,1072,Red
USR0104225,"106.745053, 10.833333",335 km,BIKE_36717,9.0,1210,Black
USR0094423,"105.730213, 21.141248",246 km,BIKE_01305,12.0,1279,Grey
USR0198325,"106.734817, 10.761761",421 km,BIKE_30656,26.0,1237,Silver
USR0143145,"106.688990, 10.870465",374 km,BIKE_19857,28.0,1000,White
USR0066533,"106.605316, 10.859646",245 km,BIKE_26652,36.0,1249,Black
USR0058760,"105.730002, 21.151930",414 km,BIKE_23601,10.0,1240,Blue
USR0008149,"106.672541, 10.804065",106 km,BIKE_37416,8.0,1249,White
USR0122160,"106.608980, 10.701350",86 km,BIKE_24205,8.0,1210,Grey
USR0080435,"105.787565, 21.083890",304 km,BIKE_22059,24.0,1204,Red
USR0165422,"105.886629, 21.021832",432 km,BIKE_06328,20.0,1072,Silver
USR0155416,"106.678806, 10.734246",236 km,BIKE_23676,28.0,1087,Gold
USR0152271,"106.713399, 10.875210",199 km,BIKE_03732,23.0,1264,Green
USR0041367,"106.786989, 10.820500",149 km,BIKE_35332,29.0,1264,Black
USR0044930,"105.860231, 21.085833",251 km,BIKE_24606,23.0,1225,Orange
USR0069782,"106.773121, 10.715031",38 km,BIKE_20007,27.0,1210,Black
USR0174801,"106.705075, 10.794058",173 km,BIKE_19753,19.0,1240,Grey
USR0053704,"106.679950, 10.899696",309 km,BIKE_25565,31.0,1153,Beige
USR0060317,"106.777703, 10.847637",430 km,BIKE_20199,30.0,1279,Unknown
USR0105789,"105.738703, 20.957708",120 km,BIKE_37342,43.0,1186,Blue
USR0047757,"105.865166, 21.149955",223 km,BIKE_30414,19.0,1222,Black
USR0061082,"105.871490, 21.005179",263 km,BIKE_06048,31.0,1192,Red
USR0156912,"106.743510, 10.747800",443 km,BIKE_17340,46.0,1069,White
USR0130388,"105.747134, 21.173735",156 km,BIKE_11717,12.0,1192,Grey
USR0189031,"105.753367, 20.978225",278 km,BIKE_04061,24.0,1168,Black
USR0051167,"105.721636, 21.188877",201 km,BIKE_32487,35.0,1192,White
USR0089496,"106.600674, 10.800448",203 km,BIKE_29691,25.0,1003,White
USR0143287,"105.839233, 21.009104",212 km,BIKE_07096,40.0,1180,White
USR0069414,"105.726079, 21.167585",111 km,BIKE_25871,27.0,1189,Red
USR0195407,"106.755563, 10.763096",400 km,BIKE_13643,32.0,1246,Black
USR0132540,"105.745888, 20.963318",37 km,BIKE_05824,22.0,1153,White
USR0104702,"105.802981, 21.016100",196 km,BIKE_04047,55.0,1135,Black
USR0012728,"106.755305, 10.706370",494 km,BIKE_15181,23.0,1279,Black
USR0181993,"105.751971, 21.090251",335 km,BIKE_22825,30.0,1252,Silver
USR0189569,"106.710412, 10.804798",396 km,BIKE_35351,20.0,1066,Blue
USR0158468,"105.701293, 20.925582",128 km,BIKE_13983,30.0,1243,Black
USR0044930,"106.685074, 10.830604",198 km,BIKE_09298,40.0,1216,Orange
USR0001624,"106.620542, 10.804286",164 km,BIKE_29529,24.0,1237,White
USR0167626,"105.833106, 20.955642",177 km,BIKE_13082,12.0,1216,Black
USR0125021,"106.685451, 10.731494",235 km,BIKE_07451,20.0,1183,Black
USR0181436,"106.682673, 10.891200",374 km,BIKE_33854,28.0,1153,White
USR0030772,"105.867778, 21.013020",69 km,BIKE_30247,29.0,1066,White
USR0178250,"106.742862, 10.848593",260 km,BIKE_17980,26.0,1276,Red
USR0148049,"106.797694, 10.730940",227 km,BIKE_10999,10.0,1009,Black
USR0066533,"105.726019, 21.019573",411 km,BIKE_26052,28.0,1273,Blue
USR0129564,"105.771214, 20.985549",58 km,BIKE_24025,26.0,1147,Green
USR0198423,"105.841770, 21.166820",197 km,BIKE_24632,28.0,1240,Red
USR0008825,"106.745007, 10.768329",347 km,BIKE_29060,22.0,1171,Blue
USR0027702,"106.771913, 10.860482",91 km,BIKE_19147,49.0,1213,Silver
USR0192849,"106.677878, 10.803367",299 km,BIKE_27950,26.0,1237,Grey
USR0001764,"105.827991, 21.105244",264 km,BIKE_14470,19.0,1213,Grey
USR0183481,"105.829344, 21.190043",355 km,BIKE_22657,31.0,1252,Unknown
USR0127249,"105.744850, 21.199507",135 km,BIKE_15885,10.0,1189,Black
USR0093111,"106.653925, 10.896915",61 km,BIKE_26344,12.0,1273,Unknown
USR0097105,"105.779355, 21.176824",386 km,BIKE_13205,18.0,1000,White
USR0034070,"106.744786, 10.866856",149 km,BIKE_04577,28.0,1246,White
USR0133603,"106.780026, 10.722471",176 km,BIKE_30975,22.0,1240,Unknown
USR0194437,"105.863549, 21.092815",58 km,BIKE_04401,31.0,1030,Silver
USR0189031,"105.891270, 21.088176",50 km,BIKE_37371,21.0,1168,Black
USR0126216,"105.755509, 20.926490",217 km,BIKE_03690,43.0,1000,Unknown
USR0158065,"105.729423, 20.926546",459 km,BIKE_08969,25.0,1210,Black
USR0058719,"105.842392, 20.926002",194 km,BIKE_13534,10.0,1171,Orange
USR0143847,"106.759295, 10.786865",167 km,BIKE_17271,11.0,1000,White
USR0188358,"106.668443, 10.829957",45 km,BIKE_04121,22.0,1276,Grey
USR0059688,"105.721432, 20.923947",207 km,BIKE_01406,25.0,1171,Blue
USR0083548,"106.631321, 10.850915",234 km,BIKE_34601,33.0,1168,Black
USR0008149,"106.756965, 10.841214",158 km,BIKE_09008,73.0,1006,Grey
USR0111428,"106.656769, 10.751191",500 km,BIKE_33690,40.0,1279,Black
USR0165716,"106.766179, 10.705999",410 km,BIKE_36604,26.0,1246,Black
USR0042732,"105.773851, 21.081137",46 km,BIKE_25296,45.0,1204,White
USR0085314,"106.683613, 10.700730",256 km,BIKE_07945,10.0,1252,Silver
USR0057906,"106.759265, 10.827885",342 km,BIKE_19509,41.0,1198,Black
USR0135799,"105.802459, 21.102809",63 km,BIKE_02133,9.0,1222,Unknown
USR0127767,"105.828283, 21.149262",32 km,BIKE_24116,18.0,1150,Green
USR0187227,"106.777964, 10.732461",499 km,BIKE_09132,26.0,1279,Red
USR0064220,"105.786428, 21.189158",43 km,BIKE_14268,26.0,1171,White
USR0136179,"106.764129, 10.809538",212 km,BIKE_08034,10.0,1171,Unknown
USR0134342,"106.762802, 10.773877",267 km,BIKE_31611,16.0,1219,Black
USR0083436,"105.769068, 21.100505",156 km,BIKE_02602,26.0,1009,Red
USR0068015,"106.707331, 10.768345",251 km,BIKE_09038,22.0,1183,White
USR0061165,"105.818953, 21.024229",30 km,BIKE_13792,29.0,1198,Black
USR0107138,"106.607537, 10.725168",342 km,BIKE_02923,44.0,1207,Blue
USR0152635,"105.790293, 21.063289",297 km,BIKE_00621,9.0,1249,Black
USR0081467,"106.794459, 10.808521",465 km,BIKE_27743,19.0,1072,Grey
USR0130105,"105.879006, 20.946314",413 km,BIKE_12250,12.0,1189,Black
USR0091714,"106.703138, 10.888452",23 km,BIKE_02116,22.0,1225,Unknown
USR0118278,"105.780642, 21.179342",127 km,BIKE_00512,12.0,1180,White
USR0099247,"106.671384, 10.733233",162 km,BIKE_25065,29.0,1003,Black
USR0140344,"106.788318, 10.791119",111 km,BIKE_25057,38.0,1000,Brown
USR0195737,"105.883989, 20.953696",32 km,BIKE_33433,22.0,1222,Black
USR0116460,"106.694240, 10.773715",217 km,BIKE_26227,9.0,1264,Orange
USR0048396,"105.889499, 21.054941",240 km,BIKE_05687,9.0,1210,White
USR0150120,"105.760413, 20.928515",105 km,BIKE_19955,28.0,1087,Black
USR0066729,"105.849511, 21.159887",138 km,BIKE_15045,21.0,1003,White
USR0139975,"105.729484, 21.155878",331 km,BIKE_36521,11.0,1240,Black
USR0152871,"105.850620, 21.097931",138 km,BIKE_35277,25.0,1264,Black
USR0085173,"106.779784, 10.701876",495 km,BIKE_36597,12.0,1030,Orange
USR0124524,"106.689885, 10.873173",113 km,BIKE_19549,34.0,1147,Black
USR0004656,"105.740595, 21.098323",435 km,BIKE_22836,22.0,1243,Red
USR0079498,"105.796040, 21.065709",244 km,BIKE_05484,26.0,1261,Grey
USR0048822,"105.782424, 20.955766",47 km,BIKE_16699,21.0,1147,Black
USR0090135,"106.728789, 10.728221",328 km,BIKE_02081,31.0,1030,Unknown
USR0138161,"106.666797, 10.872275",440 km,BIKE_02900,19.0,1222,Grey
USR0029593,"105.807034, 21.161172",228 km,BIKE_15297,9.0,1198,Black
USR0040720,"105.739887, 21.118477",406 km,BIKE_04680,21.0,1195,White
USR0146265,"106.745777, 10.897987",447 km,BIKE_06835,20.0,1186,Green
USR0047046,"105.724365, 21.087092",28 km,BIKE_34683,24.0,1063,Blue
USR0023243,"105.747172, 21.175229",188 km,BIKE_16721,51.0,1147,Blue
USR0031947,"106.687766, 10.752851",412 km,BIKE_31916,10.0,1006,Black
USR0170766,"105.820997, 21.164182",397 km,BIKE_21679,9.0,1240,White
USR0114588,"105.883666, 20.965971",433 km,BIKE_31637,20.0,1183,Red
USR0158468,"106.625807, 10.788098",372 km,BIKE_18893,22.0,1009,Red
USR0136454,"106.795974, 10.847428",354 km,BIKE_15331,24.0,1135,Unknown
USR0009277,"105.806418, 21.006890",403 km,BIKE_15933,24.0,1186,White
USR0184795,"105.891727, 20.978979",29 km,BIKE_02678,24.0,1216,White
USR0162963,"105.839390, 21.178707",25 km,BIKE_24774,9.0,1264,Grey
USR0131736,"106.719922, 10.861970",166 km,BIKE_12774,23.0,1186,White
USR0059100,"105.702500, 21.080192",316 km,BIKE_15672,11.0,1087,Blue
USR0044268,"106.660111, 10.870169",186 km,BIKE_17816,26.0,1192,Unknown
USR0011502,"106.798116, 10.700209",335 km,BIKE_30057,29.0,1135,Blue
USR0061457,"106.799202, 10.834561",384 km,BIKE_18349,21.0,1243,White
USR0018033,"106.672441, 10.852170",14 km,BIKE_34247,30.0,1204,Unknown
USR0099551,"106.794707, 10.897685",332 km,BIKE_05352,29.0,1189,Black
USR0090425,"106.633648, 10.882294",268 km,BIKE_21857,23.0,1198,Blue
USR0067678,"106.749039, 10.765411",351 km,BIKE_22138,10.0,1222,White
USR0027702,"105.709030, 21.137031",183 km,BIKE_26590,43.0,1225,Black
USR0189914,"106.637835, 10.837248",359 km,BIKE_25838,17.0,1066,Blue
USR0183962,"105.709122, 21.156187",392 km,BIKE_22570,26.0,1276,Red
USR0122148,"105.707551, 20.957936",434 km,BIKE_14631,36.0,1279,Blue
USR0106516,"105.789943, 20.982653",177 km,BIKE_31952,20.0,1087,Blue
USR0135971,"105.736174, 21.136307",481 km,BIKE_03761,21.0,1240,Black
USR0060882,"105.803789, 21.103406",365 km,BIKE_09842,19.0,1213,White
USR0042196,"105.883790, 21.162125",34 km,BIKE_06934,25.0,1171,White
USR0172784,"106.660320, 10.762944",274 km,BIKE_33220,9.0,1171,Black
USR0067963,"106.710633, 10.744713",320 km,BIKE_07411,27.0,1069,Black
USR0095869,"105.881419, 20.941475",249 km,BIKE_27288,18.0,1003,Green
USR0184259,"105.722182, 21.105249",487 km,BIKE_28603,41.0,1072,Red
USR0118018,"106.711215, 10.758174",427 km,BIKE_31520,21.0,1246,Red
USR0157881,"106.762650, 10.848574",60 km,BIKE_37618,47.0,1195,Unknown
USR0184639,"105.838001, 21.050494",445 km,BIKE_25485,21.0,1168,Black
USR0159517,"105.702690, 20.911471",27 km,BIKE_32988,10.0,1279,Red
USR0098156,"106.693012, 10.745203",449 km,BIKE_26187,19.0,1069,Silver
USR0017000,"106.736128, 10.846950",106 km,BIKE_32422,26.0,1150,Black
USR0150094,"106.614319, 10.881642",285 km,BIKE_16765,22.0,1225,White
USR0025029,"106.769659, 10.819260",485 km,BIKE_07589,20.0,1072,Black
USR0038357,"105.719002, 21.134642",384 km,BIKE_34283,25.0,1171,Red
USR0198325,"105.716657, 21.060534",500 km,BIKE_25505,9.0,1063,Black
USR0050334,"106.661883, 10.840333",189 km,BIKE_37669,19.0,1072,Black
USR0163843,"106.696192, 10.849382",74 km,BIKE_21388,26.0,1183,Grey
USR0108400,"106.601478, 10.769704",115 km,BIKE_36787,30.0,1069,White
USR0169932,"105.853458, 20.903879",244 km,BIKE_22582,29.0,1273,Black
USR0036356,"106.773368, 10.775981",323 km,BIKE_04140,32.0,1153,White
USR0083108,"105.817580, 21.125466",167 km,BIKE_03861,24.0,1030,Grey
USR0017674,"106.789862, 10.857808",235 km,BIKE_24761,20.0,1261,Black
USR0150297,"106.778708, 10.832160",360 km,BIKE_23170,25.0,1207,Grey
USR0063085,"105.878383, 21.141782",137 km,BIKE_10746,23.0,1198,Red
USR0159517,"106.702941, 10.717498",328 km,BIKE_23444,22.0,1249,Black
USR0148351,"106.708329, 10.747947",358 km,BIKE_12690,27.0,1171,Blue
USR0030398,"106.794748, 10.788572",108 km,BIKE_14307,40.0,1201,Silver
USR0099861,"105.896531, 20.918042",414 km,BIKE_00251,10.0,1276,Black
USR0012726,"106.775120, 10.820405",482 km,BIKE_30713,12.0,1273,White
USR0008636,"105.825704, 20.929292",187 km,BIKE_21216,20.0,1225,White
USR0033541,"105.814854, 20.936185",322 km,BIKE_31258,32.0,1216,Unknown
USR0008402,"105.837521, 21.014843",401 km,BIKE_20488,20.0,1180,White
USR0139206,"105.768059, 21.042728",55 km,BIKE_11165,21.0,1195,White
USR0198846,"106.782350, 10.781727",198 km,BIKE_24103,21.0,1195,Unknown
USR0017159,"106.796905, 10.788440",415 km,BIKE_07573,36.0,1003,Grey
USR0037100,"105.753479, 21.003962",401 km,BIKE_33592,57.0,1219,Black
USR0139784,"106.771571, 10.842676",345 km,BIKE_05528,13.0,1192,Black
USR0080728,"106.728706, 10.725696",12 km,BIKE_28498,11.0,1273,Black
USR0072432,"105.898682, 21.148402",321 km,BIKE_05325,51.0,1186,Red
USR0050512,"105.868824, 21.007902",227 km,BIKE_27046,10.0,1213,Grey
USR0086017,"106.740885, 10.733874",468 km,BIKE_28320,22.0,1225,Black
USR0031118,"106.622458, 10.763967",65 km,BIKE_25795,19.0,1237,Black
USR0053067,"105.779643, 21.183706",429 km,BIKE_17516,28.0,1066,Grey
USR0065241,"105.753854, 21.193797",499 km,BIKE_34718,32.0,1219,Orange
USR0176280,"105.798715, 21.010176",128 km,BIKE_32187,10.0,1201,Black
USR0196620,"106.642874, 10.840542",369 km,BIKE_10378,24.0,1066,Black
USR0112727,"105.741472, 20.930641",209 km,BIKE_08639,28.0,1225,Black
USR0165716,"106.662605, 10.794417",495 km,BIKE_02255,32.0,1240,Black
USR0143287,"106.660006, 10.827762",182 km,BIKE_12063,39.0,1207,White
USR0106516,"106.724697, 10.773503",355 km,BIKE_29871,22.0,1249,Black
USR0013037,"106.682645, 10.875807",83 km,BIKE_17722,18.0,1225,Red
USR0040117,"105.854047, 21.116528",311 km,BIKE_11379,42.0,1168,Green
USR0198325,"106.618629, 10.729635",375 km,BIKE_33183,59.0,1195,Yellow
USR0134167,"106.659714, 10.860003",416 km,BIKE_37317,37.0,1195,Red
USR0068101,"106.682115, 10.855618",123 km,BIKE_09220,8.0,1186,Grey
USR0085055,"105.811354, 21.129259",124 km,BIKE_02414,41.0,1135,Black
USR0155416,"105.732139, 21.151441",175 km,BIKE_23733,25.0,1147,Red
USR0060711,"105.821456, 20.901800",477 km,BIKE_13455,30.0,1240,Black
USR0025274,"105.726870, 20.905053",403 km,BIKE_19664,30.0,1207,Black
USR0120787,"106.688055, 10.894218",382 km,BIKE_12702,47.0,1030,Green
USR0008745,"106.772873, 10.837715",195 km,BIKE_09238,27.0,1171,White
USR0042273,"106.676213, 10.768838",485 km,BIKE_18501,12.0,1273,Grey
USR0108600,"105.744075, 20.939536",470 km,BIKE_00702,28.0,1192,Grey
USR0136152,"105.739897, 20.999739",180 km,BIKE_11793,37.0,1135,Red
USR0153626,"106.767559, 10.896913",207 km,BIKE_13506,23.0,1030,White
USR0074511,"105.796764, 21.037459",388 km,BIKE_34498,28.0,1003,Black
USR0130758,"106.714537, 10.871613",99 km,BIKE_18535,10.0,1264,White
USR0016165,"105.791473, 21.140745",384 km,BIKE_35199,22.0,1180,Black
USR0113392,"105.892253, 21.116009",139 km,BIKE_29916,55.0,1198,Black
USR0081769,"106.664009, 10.868209",470 km,BIKE_02973,23.0,1204,Red
USR0064203,"105.730694, 20.924950",67 km,BIKE_09149,11.0,1249,Red
USR0045273,"105.802764, 20.966074",126 km,BIKE_30884,26.0,1237,Grey
USR0173830,"105.797339, 21.056761",407 km,BIKE_22003,34.0,1264,Green
USR0059367,"106.786105, 10.842447",241 km,BIKE_15069,23.0,1153,Red
USR0058507,"106.771963, 10.726309",55 km,BIKE_20737,24.0,1180,Brown
USR0064438,"105.829816, 20.916676",270 km,BIKE_33634,24.0,1066,Blue
USR0036939,"106.771492, 10.713060",471 km,BIKE_15049,33.0,1153,Black
USR0138217,"105.819586, 21.170229",201 km,BIKE_32881,16.0,1204,White
USR0090425,"105.729245, 21.050133",35 km,BIKE_32788,10.0,1210,Black
USR0001116,"105.867379, 21.100277",321 km,BIKE_33260,18.0,1261,White
USR0074168,"106.748246, 10.864229",78 km,BIKE_03753,51.0,1225,Black
USR0088609,"105.729236, 21.177108",119 km,BIKE_16695,11.0,1183,Grey
USR0100113,"105.777872, 21.198317",299 km,BIKE_31569,36.0,1240,Black
USR0041159,"105.843020, 21.091727",108 km,BIKE_23923,21.0,1195,Grey
USR0013875,"105.844983, 21.029576",76 km,BIKE_25134,9.0,1216,White
USR0192778,"105.839215, 21.139140",494 km,BIKE_11256,25.0,1261,White
USR0184795,"106.617781, 10.780402",434 km,BIKE_10580,31.0,1210,Grey
USR0008149,"106.699017, 10.795570",17 km,BIKE_26592,23.0,1261,Grey
USR0009548,"105.849049, 21.065317",304 km,BIKE_31080,21.0,1153,Silver
USR0006607,"105.748541, 20.904473",462 km,BIKE_28023,29.0,1264,White
USR0057918,"105.717972, 21.149859",236 km,BIKE_27946,36.0,1069,Red
USR0078302,"105.878831, 21.090324",103 km,BIKE_20240,20.0,1243,Black
USR0158468,"105.798285, 20.953938",333 km,BIKE_36748,33.0,1246,Black
USR0069870,"105.791352, 21.001107",260 km,BIKE_14682,28.0,1246,Grey
USR0031707,"106.783882, 10.716054",144 km,BIKE_13455,30.0,1219,Black
USR0134269,"106.753404, 10.714378",311 km,BIKE_24449,31.0,1222,White
USR0060430,"106.786647, 10.853573",368 km,BIKE_34638,32.0,1135,Black
USR0069390,"105.871779, 21.179026",485 km,BIKE_18239,19.0,1243,Black
USR0050409,"106.600423, 10.742788",403 km,BIKE_10217,41.0,1243,Black
USR0096893,"105.871867, 21.140962",368 km,BIKE_26056,22.0,1261,White
USR0108519,"105.744972, 20.996749",169 km,BIKE_18308,27.0,1210,Red
USR0095634,"105.854120, 21.021941",357 km,BIKE_11398,20.0,1003,White
USR0181303,"105.863793, 21.012639",318 km,BIKE_37456,9.0,1072,Grey
USR0170042,"105.793659, 20.950283",298 km,BIKE_16862,23.0,1246,Black
USR0178788,"105.887783, 21.147715",279 km,BIKE_14001,27.0,1003,Grey
USR0081577,"105.770102, 21.033264",277 km,BIKE_36161,25.0,1249,Grey
USR0064203,"106.783521, 10.795029",18 km,BIKE_28532,35.0,1225,Black
USR0168818,"105.783415, 21.021979",331 km,BIKE_30003,35.0,1135,Gold
USR0124169,"105.743755, 21.137719",13 km,BIKE_01478,12.0,1213,White
USR0159762,"106.690957, 10.856227",15 km,BIKE_30649,34.0,1264,Unknown
USR0103373,"106.714830, 10.786782",213 km,BIKE_15423,9.0,1189,Green
USR0018033,"105.803989, 20.954910",174 km,BIKE_35746,43.0,1180,Silver
USR0042255,"105.860565, 20.940274",217 km,BIKE_23621,11.0,1240,White
USR0191947,"106.729868, 10.812864",354 km,BIKE_13649,21.0,1069,Blue
USR0178733,"106.733286, 10.749752",493 km,BIKE_19655,31.0,1237,Red
USR0095634,"106.795523, 10.880861",395 km,BIKE_09351,19.0,1153,Silver
USR0073035,"105.889106, 21.062506",315 km,BIKE_06350,36.0,1072,Silver
USR0078694,"105.760268, 21.132609",465 km,BIKE_05525,18.0,1273,Silver
USR0028161,"105.782044, 21.127180",49 km,BIKE_08237,20.0,1168,White
USR0010528,"106.664440, 10.809313",295 km,BIKE_04252,27.0,1243,Silver
USR0001850,"105.843251, 21.022071",200 km,BIKE_14131,25.0,1252,Grey
USR0071128,"105.856093, 20.937947",107 km,BIKE_37995,8.0,1192,Black
USR0006253,"106.632981, 10.878181",230 km,BIKE_27347,9.0,1222,Blue
USR0000238,"105.878311, 21.044046",494 km,BIKE_01426,40.0,1030,Black
USR0149761,"106.794078, 10.811942",163 km,BIKE_08354,42.0,1246,Black
USR0040720,"106.700983, 10.834288",455 km,BIKE_03035,38.0,1171,Black
USR0186300,"105.742363, 20.971200",134 km,BIKE_28109,30.0,1195,Black
USR0151075,"106.655164, 10.795053",114 km,BIKE_20155,30.0,1192,Orange
USR0044930,"105.746315, 21.148652",135 km,BIKE_07525,32.0,1006,Grey
USR0177714,"106.711669, 10.791385",193 km,BIKE_18970,21.0,1195,Brown
USR0058150,"106.672382, 10.788221",285 km,BIKE_23692,29.0,1000,Silver
USR0040720,"105.811409, 21.104959",256 km,BIKE_14486,32.0,1063,Red
USR0151865,"106.707658, 10.831663",100 km,BIKE_00344,35.0,1204,Unknown
USR0068498,"106.604779, 10.839099",44 km,BIKE_18598,29.0,1066,Red
USR0040507,"106.683071, 10.836082",177 km,BIKE_14680,25.0,1279,Black
USR0082655,"105.899793, 21.162019",20 km,BIKE_04636,22.0,1243,Brown
USR0114904,"106.724165, 10.778559",472 km,BIKE_20345,43.0,1072,Blue
USR0135370,"106.709580, 10.797358",72 km,BIKE_07650,41.0,1030,White
USR0158262,"105.724177, 20.969393",29 km,BIKE_18634,25.0,1237,Unknown
USR0096451,"105.722495, 20.953602",407 km,BIKE_30749,28.0,1219,Grey
USR0017950,"105.868784, 21.040329",144 km,BIKE_03031,28.0,1252,Black
USR0134289,"105.857692, 20.999978",377 km,BIKE_30807,21.0,1198,Red
USR0003205,"106.658661, 10.721103",331 km,BIKE_31405,21.0,1204,Green
USR0135442,"106.706008, 10.707928",120 km,BIKE_34654,25.0,1069,White
USR0064203,"105.879281, 21.034365",119 km,BIKE_05100,29.0,1279,Unknown
USR0190017,"105.838084, 20.939677",332 km,BIKE_25802,21.0,1252,White
USR0108400,"106.721167, 10.731727",10 km,BIKE_21190,34.0,1210,Black
USR0177714,"106.626926, 10.820011",104 km,BIKE_21235,26.0,1261,Green
USR0165716,"106.679596, 10.725053",392 km,BIKE_36524,19.0,1135,Grey
USR0102297,"106.701816, 10.720358",343 km,BIKE_08468,25.0,1219,Green
USR0137467,"106.698776, 10.803631",19 km,BIKE_17112,20.0,1063,Yellow
USR0153602,"106.631306, 10.895902",121 km,BIKE_05787,28.0,1207,Black
USR0038357,"106.799892, 10.734332",332 km,BIKE_33273,35.0,1210,Black
USR0041187,"105.888115, 21.020251",168 km,BIKE_28053,22.0,1000,White
USR0153485,"105.754694, 21.121579",303 km,BIKE_28619,20.0,1195,Black
USR0056192,"106.797305, 10.711041",180 km,BIKE_30414,19.0,1264,Black
USR0027277,"105.874922, 21.150408",127 km,BIKE_30896,24.0,1198,White
USR0115772,"105.702147, 21.151716",439 km,BIKE_15902,23.0,1000,Black
USR0177125,"105.703490, 21.017673",375 km,BIKE_03470,18.0,1243,Black
USR0150297,"105.814863, 21.028258",307 km,BIKE_20296,10.0,1219,Black
USR0158262,"105.848919, 21.018706",338 km,BIKE_20148,31.0,1069,Black
USR0161842,"105.831128, 20.992741",196 km,BIKE_07123,29.0,1276,Black
USR0122744,"106.728570, 10.857585",284 km,BIKE_13766,47.0,1072,Black
USR0172240,"105.875233, 20.905946",426 km,BIKE_36806,29.0,1207,Grey
USR0011039,"105.855150, 21.057976",375 km,BIKE_13077,30.0,1201,Black
USR0100611,"106.703910, 10.870704",324 km,BIKE_34733,26.0,1180,Orange
USR0161039,"106.624001, 10.852997",168 km,BIKE_35531,12.0,1204,Black
USR0033904,"105.795949, 21.033902",225 km,BIKE_32526,22.0,1180,Black
USR0086985,"105.757497, 21.154464",155 km,BIKE_06234,25.0,1003,Black
USR0114291,"105.797869, 21.043951",137 km,BIKE_27842,30.0,1000,White
USR0023764,"106.691277, 10.852254",32 km,BIKE_06573,9.0,1246,Black
USR0013265,"106.754510, 10.757405",15 km,BIKE_07721,41.0,1246,Black
USR0074784,"106.785526, 10.706566",229 km,BIKE_38238,25.0,1069,Silver
USR0145893,"105.739063, 21.042471",377 km,BIKE_15400,21.0,1186,Black
USR0046539,"105.848191, 21.141139",461 km,BIKE_27956,10.0,1171,White
USR0138898,"105.862289, 21.082831",161 km,BIKE_05034,23.0,1195,Black
USR0177145,"106.729603, 10.702374",115 km,BIKE_19530,12.0,1168,Blue
USR0144578,"105.821143, 21.132014",320 km,BIKE_13367,10.0,1243,Black
USR0041367,"105.815086, 20.922976",341 km,BIKE_31740,22.0,1225,Black
USR0110293,"106.719048, 10.801186",18 km,BIKE_37230,29.0,1210,Black
USR0082707,"105.844377, 20.965457",406 km,BIKE_27600,34.0,1087,Blue
USR0057789,"106.661347, 10.884775",192 km,BIKE_04120,21.0,1003,Red
USR0089196,"106.663642, 10.879104",248 km,BIKE_09667,11.0,1210,Blue
USR0168399,"105.788488, 21.024960",240 km,BIKE_08658,26.0,1030,Grey
USR0013684,"106.793357, 10.829734",24 km,BIKE_37878,42.0,1264,Violet
USR0045380,"106.769936, 10.838551",310 km,BIKE_21690,45.0,1006,Green
USR0044367,"106.609368, 10.866541",187 km,BIKE_19837,47.0,1147,Green
USR0196318,"105.806464, 20.988684",107 km,BIKE_35855,32.0,1087,Blue
USR0087137,"105.701438, 21.131041",369 km,BIKE_11461,8.0,1087,Blue
USR0065264,"106.716809, 10.832284",483 km,BIKE_31454,19.0,1192,Black
USR0153602,"105.867797, 20.975830",282 km,BIKE_06863,22.0,1030,Black
USR0122003,"106.661869, 10.720816",120 km,BIKE_04810,19.0,1243,White
USR0065509,"105.829370, 21.170671",259 km,BIKE_18169,21.0,1183,Black
USR0157577,"106.791145, 10.883232",253 km,BIKE_05762,42.0,1213,Blue
USR0029597,"106.604342, 10.874994",10 km,BIKE_03456,34.0,1219,Green
USR0038455,"105.843030, 21.097804",39 km,BIKE_33229,9.0,1066,Blue
USR0103680,"106.762993, 10.869552",326 km,BIKE_11024,23.0,1207,Black
USR0100122,"106.759860, 10.742980",127 km,BIKE_12969,31.0,1204,Red
USR0095237,"106.696063, 10.702626",157 km,BIKE_31959,28.0,1222,Red
USR0025348,"106.641214, 10.790431",269 km,BIKE_19495,30.0,1006,Red
USR0051117,"105.830326, 21.110818",79 km,BIKE_00250,11.0,1261,Red
USR0020348,"106.750184, 10.897685",129 km,BIKE_20362,22.0,1180,Black
USR0043673,"105.875059, 21.158314",123 km,BIKE_17128,36.0,1276,Red
USR0073723,"106.663604, 10.773114",314 km,BIKE_23389,9.0,1150,Red
USR0132728,"106.750139, 10.869655",288 km,BIKE_26176,25.0,1264,Red
USR0106713,"106.651920, 10.740138",58 km,BIKE_15897,20.0,1213,Red
USR0132042,"106.798911, 10.874004",78 km,BIKE_30272,29.0,1195,Black
USR0193684,"106.671080, 10.776495",371 km,BIKE_01997,8.0,1246,Black
USR0182099,"105.854088, 20.983916",491 km,BIKE_33899,27.0,1195,Red
USR0099551,"105.742168, 20.978513",390 km,BIKE_06657,17.0,1264,Black
USR0176894,"105.703926, 21.031523",188 km,BIKE_09674,31.0,1201,Grey
USR0034664,"105.891078, 21.116871",73 km,BIKE_29846,13.0,1069,White
USR0047046,"106.710658, 10.758353",190 km,BIKE_32468,45.0,1003,Black
USR0077461,"105.891223, 20.903889",388 km,BIKE_22983,13.0,1186,Grey
USR0043103,"105.753717, 20.955010",210 km,BIKE_19570,48.0,1276,Red
USR0133620,"106.665398, 10.856113",13 km,BIKE_13364,22.0,1147,Green
USR0099704,"105.749507, 21.184612",433 km,BIKE_28622,22.0,1213,Unknown
USR0008051,"106.731890, 10.720463",360 km,BIKE_13035,30.0,1192,Blue
USR0000234,"106.647857, 10.880446",13 km,BIKE_31107,24.0,1186,Red
USR0000238,"105.716925, 21.091974",32 km,BIKE_10290,9.0,1246,Black
USR0149923,"106.641938, 10.751376",219 km,BIKE_25732,21.0,1063,Black
USR0172653,"105.888395, 20.929573",23 km,BIKE_27337,31.0,1273,Red
USR0176088,"105.772720, 20.957784",153 km,BIKE_20084,29.0,1006,Black
USR0061228,"105.807578, 21.105793",445 km,BIKE_10812,21.0,1237,Black
USR0185618,"105.892583, 21.131826",222 km,BIKE_09568,12.0,1006,Unknown
USR0020453,"105.773627, 20.951669",477 km,BIKE_09778,20.0,1225,Black
USR0089196,"105.799157, 21.008318",241 km,BIKE_09000,22.0,1249,Grey
USR0090267,"106.671839, 10.883423",159 km,BIKE_01912,11.0,1249,Black
USR0011074,"105.740856, 20.941232",54 km,BIKE_10855,21.0,1150,Green
USR0122036,"106.763166, 10.861373",103 km,BIKE_20098,21.0,1201,Black
USR0082543,"106.713630, 10.731326",179 km,BIKE_10545,28.0,1276,White
USR0090732,"106.649902, 10.802504",454 km,BIKE_01516,22.0,1276,Red
USR0061171,"106.601297, 10.857652",178 km,BIKE_22823,26.0,1192,Violet
USR0110557,"105.788656, 21.053630",339 km,BIKE_15013,9.0,1003,Red
USR0010188,"106.654531, 10.750205",355 km,BIKE_24289,18.0,1201,Red
USR0123638,"106.751104, 10.769037",225 km,BIKE_24764,23.0,1207,Red
USR0017652,"106.700439, 10.753356",75 km,BIKE_32241,34.0,1276,Black
USR0146265,"106.692206, 10.882964",344 km,BIKE_12868,18.0,1249,White
USR0199656,"105.812818, 20.987850",165 km,BIKE_12425,22.0,1183,Green
USR0034077,"105.810906, 20.952053",83 km,BIKE_02322,24.0,1006,White
USR0012587,"105.775584, 20.912231",216 km,BIKE_00842,33.0,1273,Red
USR0172784,"105.770759, 21.152763",87 km,BIKE_19910,26.0,1252,White
USR0180699,"105.713357, 21.049660",102 km,BIKE_31736,9.0,1261,Black
USR0012726,"105.794576, 20.973788",168 km,BIKE_03930,22.0,1213,Grey
USR0072482,"106.734323, 10.766681",265 km,BIKE_20163,28.0,1066,Grey
USR0184795,"106.726126, 10.815778",143 km,BIKE_05567,36.0,1279,Silver
USR0001798,"105.777511, 21.115661",108 km,BIKE_21960,17.0,1246,Red
USR0167405,"105.872202, 20.919718",61 km,BIKE_12405,22.0,1168,Orange
USR0143388,"106.739286, 10.728659",80 km,BIKE_01717,44.0,1273,Black
USR0058439,"106.654212, 10.761098",328 km,BIKE_04032,43.0,1249,Unknown
USR0122251,"105.786677, 21.127341",408 km,BIKE_06149,23.0,1246,Red
USR0068355,"105.827198, 21.111244",264 km,BIKE_36261,24.0,1276,Black
USR0182294,"106.630860, 10.705706",121 km,BIKE_13911,12.0,1150,Silver
USR0166384,"106.714722, 10.765818",222 km,BIKE_17134,24.0,1240,White
USR0061583,"106.717609, 10.782339",323 km,BIKE_09986,29.0,1279,Unknown
USR0083549,"106.726188, 10.782547",107 km,BIKE_35712,30.0,1210,Black
USR0138048,"106.622226, 10.743345",175 km,BIKE_19518,43.0,1246,Silver
USR0156516,"106.769186, 10.713700",42 km,BIKE_27816,25.0,1180,Grey
USR0025274,"106.690111, 10.821446",65 km,BIKE_36355,9.0,1147,Blue
USR0041385,"106.676261, 10.871457",400 km,BIKE_27061,23.0,1249,Red
USR0165518,"105.731571, 20.965043",182 km,BIKE_12372,20.0,1180,Black
USR0156912,"105.861894, 20.980315",253 km,BIKE_16036,28.0,1279,Orange
USR0176265,"106.778650, 10.715969",486 km,BIKE_16162,19.0,1009,Black
USR0051204,"105.706229, 20.915455",179 km,BIKE_31644,21.0,1222,Grey
USR0101648,"106.685405, 10.757300",436 km,BIKE_28171,27.0,1279,Black
USR0015114,"105.885115, 20.901830",342 km,BIKE_14277,12.0,1207,Black
USR0122036,"105.744644, 21.150332",340 km,BIKE_36050,23.0,1261,Blue
USR0082560,"106.670848, 10.759154",123 km,BIKE_29581,22.0,1243,Red
USR0044541,"105.869126, 20.935726",488 km,BIKE_05226,9.0,1180,Black
USR0007057,"106.656857, 10.896083",327 km,BIKE_01513,18.0,1087,Silver
USR0065250,"106.603385, 10.827928",43 km,BIKE_22661,25.0,1240,Black
USR0058652,"106.650268, 10.822458",361 km,BIKE_11917,30.0,1240,Red
USR0114002,"105.876987, 21.069639",245 km,BIKE_13399,11.0,1204,Black
USR0109930,"106.674041, 10.846711",151 km,BIKE_19750,28.0,1279,Bronze
USR0174930,"106.722268, 10.836151",470 km,BIKE_05377,11.0,1153,Black
USR0093078,"105.829869, 21.086368",385 km,BIKE_02758,9.0,1216,Silver
USR0183889,"105.871170, 21.086853",381 km,BIKE_19286,30.0,1201,Black
USR0154369,"106.768475, 10.869161",351 km,BIKE_18603,39.0,1087,Blue
USR0143524,"105.703005, 20.965364",172 km,BIKE_25119,43.0,1213,Orange
USR0158065,"106.780806, 10.789459",484 km,BIKE_27119,20.0,1213,Grey
USR0062234,"106.687933, 10.896725",469 km,BIKE_12369,20.0,1006,White
USR0108172,"105.741306, 21.143740",203 km,BIKE_21433,26.0,1147,Black
USR0190990,"106.676473, 10.745521",204 km,BIKE_26414,9.0,1213,Black
USR0176647,"106.786797, 10.853861",334 km,BIKE_02733,10.0,1003,White
USR0069414,"106.649313, 10.854619",302 km,BIKE_28856,29.0,1195,Grey
USR0055064,"105.781190, 20.995678",71 km,BIKE_19876,27.0,1279,Yellow
USR0105066,"105.752905, 20.941616",423 km,BIKE_27690,9.0,1240,Black
USR0022939,"105.892193, 21.061742",48 km,BIKE_33284,29.0,1216,Unknown
USR0003061,"106.713392, 10.889081",385 km,BIKE_21655,28.0,1153,Red
USR0086716,"106.658347, 10.769377",180 km,BIKE_11903,20.0,1150,Red
USR0090425,"105.725457, 21.047217",475 km,BIKE_16177,10.0,1072,White
USR0148351,"106.757490, 10.817651",229 km,BIKE_12802,30.0,1192,Blue
USR0028447,"106.649251, 10.738395",77 km,BIKE_36560,38.0,1147,Black
USR0029232,"106.771012, 10.797287",191 km,BIKE_18524,10.0,1246,Black
USR0154528,"105.780078, 20.976326",395 km,BIKE_01812,10.0,1150,Brown
USR0072312,"105.734660, 20.920379",50 km,BIKE_24467,19.0,1186,Bronze
USR0135474,"105.899909, 20.948509",109 km,BIKE_14655,30.0,1192,Black
USR0165716,"105.744857, 21.035018",115 km,BIKE_19690,8.0,1006,Silver
USR0153775,"105.822497, 21.004445",13 km,BIKE_22341,21.0,1264,Grey
USR0095634,"106.726662, 10.852486",175 km,BIKE_02437,21.0,1264,Silver
USR0153602,"106.649724, 10.803555",414 km,BIKE_31567,18.0,1261,Red
USR0148222,"106.681637, 10.828026",450 km,BIKE_01338,11.0,1243,Black
USR0019113,"106.639326, 10.762384",82 km,BIKE_03706,17.0,1198,Black
USR0199707,"106.637275, 10.703742",22 km,BIKE_25622,20.0,1201,Unknown
USR0036357,"106.748369, 10.738617",307 km,BIKE_28723,24.0,1135,Orange
USR0134061,"105.856814, 21.196700",183 km,BIKE_21928,30.0,1072,Black
USR0037977,"105.833013, 20.972038",430 km,BIKE_12600,20.0,1279,Green
USR0158262,"106.626460, 10.806194",38 km,BIKE_13650,28.0,1279,Grey
USR0044930,"105.836230, 21.140217",145 km,BIKE_33644,22.0,1009,Grey
USR0175878,"105.717998, 20.928835",352 km,BIKE_26848,49.0,1180,Black
USR0199682,"106.740741, 10.845729",162 km,BIKE_18392,23.0,1006,Black
USR0092281,"105.735227, 20.902389",310 km,BIKE_21993,21.0,1276,Silver
USR0155211,"106.717837, 10.867858",487 km,BIKE_29005,44.0,1171,Unknown
USR0113120,"106.742848, 10.761986",458 km,BIKE_10533,23.0,1246,Black
USR0094348,"106.795670, 10.805995",231 km,BIKE_02357,41.0,1237,Blue
USR0057410,"105.729825, 21.065414",216 km,BIKE_22519,33.0,1243,Black
USR0000561,"106.770249, 10.721556",325 km,BIKE_18478,8.0,1066,Black
USR0019878,"106.795971, 10.827763",160 km,BIKE_35645,9.0,1198,Grey
USR0169743,"106.750495, 10.730337",469 km,BIKE_02265,22.0,1207,Red
USR0062354,"106.736352, 10.888301",498 km,BIKE_01484,19.0,1198,Grey
USR0143567,"105.824254, 21.082821",118 km,BIKE_15243,10.0,1168,Black
USR0138947,"105.884724, 21.019159",403 km,BIKE_18750,36.0,1168,Red
USR0192202,"105.851107, 21.135825",67 km,BIKE_28950,25.0,1135,White
USR0073275,"105.763586, 21.127723",176 km,BIKE_13533,30.0,1201,Unknown
USR0052840,"105.891932, 20.953660",207 km,BIKE_24096,25.0,1168,Blue
USR0080301,"105.748865, 21.162488",103 km,BIKE_27121,12.0,1006,Red
USR0199519,"106.625068, 10.789678",471 km,BIKE_27468,29.0,1000,Grey
USR0186412,"105.818091, 21.170967",399 km,BIKE_00831,20.0,1009,White
USR0068498,"106.752764, 10.748007",427 km,BIKE_31441,20.0,1222,Green
USR0096029,"106.792137, 10.859206",218 km,BIKE_08602,41.0,1030,Red
USR0144731,"106.694481, 10.728547",349 km,BIKE_25756,25.0,1222,Unknown
USR0138417,"106.619955, 10.882321",13 km,BIKE_02536,27.0,1153,Orange
USR0180647,"106.791760, 10.703972",357 km,BIKE_28951,48.0,1063,Black
USR0087005,"106.608392, 10.898279",161 km,BIKE_02325,28.0,1069,Grey
USR0178130,"105.793548, 20.998085",184 km,BIKE_20548,8.0,1225,Blue
USR0171138,"105.735281, 21.051808",471 km,BIKE_19431,25.0,1183,Blue
USR0001268,"105.777731, 21.099855",485 km,BIKE_20488,17.0,1000,White
USR0024549,"105.835580, 21.060039",400 km,BIKE_35741,9.0,1000,Red
USR0056023,"106.782579, 10.704793",344 km,BIKE_00927,20.0,1213,Orange
USR0074130,"106.751128, 10.728980",67 km,BIKE_27343,25.0,1276,Blue
USR0017159,"105.844329, 21.104459",178 km,BIKE_34598,31.0,1087,Green
USR0130353,"105.868802, 20.976029",115 km,BIKE_15971,22.0,1261,Black
USR0169451,"106.760977, 10.784834",57 km,BIKE_04614,23.0,1240,Grey
USR0106516,"106.741179, 10.725128",336 km,BIKE_33085,21.0,1069,Black
USR0040399,"105.837307, 20.900071",396 km,BIKE_01697,20.0,1135,Black
USR0107700,"106.772866, 10.848550",155 km,BIKE_08579,51.0,1087,Red
USR0090085,"105.862080, 21.160137",143 km,BIKE_15703,19.0,1261,White
USR0039501,"106.737966, 10.796419",250 km,BIKE_11547,28.0,1189,Black
USR0191289,"105.741198, 21.009113",45 km,BIKE_19279,42.0,1150,Blue
USR0162736,"106.649465, 10.846499",410 km,BIKE_36278,40.0,1030,Black
USR0059477,"106.716654, 10.747115",494 km,BIKE_28569,52.0,1171,Black
USR0121227,"105.867497, 20.972496",268 km,BIKE_20752,23.0,1240,Black
USR0169563,"106.685287, 10.720302",191 km,BIKE_07672,22.0,1087,Black
USR0190584,"105.729083, 21.153381",135 km,BIKE_26190,23.0,1189,Black
USR0186618,"106.622029, 10.759065",307 km,BIKE_10290,10.0,1261,Black
USR0191551,"106.743076, 10.745113",100 km,BIKE_24959,10.0,1186,Black
USR0106976,"106.679996, 10.875233",235 km,BIKE_38359,28.0,1171,Black
USR0185543,"105.808866, 21.194271",159 km,BIKE_31958,47.0,1063,Grey
USR0167602,"106.794557, 10.840382",25 km,BIKE_06863,22.0,1201,Black
USR0006811,"105.863188, 21.059217",319 km,BIKE_01931,34.0,1204,Orange
USR0143861,"105.864609, 21.008800",468 km,BIKE_05570,20.0,1183,Black
USR0174361,"106.738671, 10.706028",130 km,BIKE_08511,13.0,1135,White
USR0031472,"105.805633, 21.124854",49 km,BIKE_28171,27.0,1225,Black
USR0060882,"106.711561, 10.833821",452 km,BIKE_26410,50.0,1063,Red
USR0141335,"106.647253, 10.790444",217 km,BIKE_10031,13.0,1198,Blue
USR0138764,"105.816071, 21.027675",241 km,BIKE_04650,22.0,1147,White
USR0177714,"105.753424, 20.981907",187 km,BIKE_11368,30.0,1219,Black
USR0158065,"106.614558, 10.793862",414 km,BIKE_29399,35.0,1069,Beige
USR0034990,"106.667931, 10.746590",277 km,BIKE_13192,23.0,1180,Black
USR0174181,"106.643728, 10.778548",21 km,BIKE_25591,22.0,1213,Red
USR0010232,"106.733035, 10.750124",75 km,BIKE_31025,13.0,1150,Black
USR0026214,"106.783576, 10.892843",273 km,BIKE_07302,29.0,1201,White
USR0032409,"106.651111, 10.730192",67 km,BIKE_19357,24.0,1183,Unknown
USR0095613,"106.701818, 10.772360",461 km,BIKE_09188,36.0,1201,Black
USR0119171,"105.775457, 21.098951",476 km,BIKE_25007,21.0,1264,Red
USR0178750,"105.769744, 20.908307",90 km,BIKE_36218,9.0,1219,Black
USR0052725,"105.733412, 21.136193",334 km,BIKE_33656,21.0,1252,Red
USR0140851,"105.782030, 21.117668",250 km,BIKE_28413,58.0,1009,Green
USR0139372,"105.703597, 20.982315",334 km,BIKE_01723,8.0,1264,Black
USR0100894,"105.804636, 21.120988",299 km,BIKE_18997,49.0,1006,Silver
USR0099551,"105.756706, 21.169593",300 km,BIKE_04859,25.0,1150,White
USR0158262,"105.781072, 20.932064",204 km,BIKE_26410,50.0,1273,Red
USR0077092,"106.695688, 10.820387",88 km,BIKE_22109,21.0,1009,Grey
USR0063040,"105.793038, 21.172046",282 km,BIKE_13590,28.0,1210,White
USR0092457,"106.717188, 10.826490",150 km,BIKE_20387,8.0,1147,Green
USR0043511,"105.764119, 20.944324",419 km,BIKE_10887,14.0,1186,Silver
USR0142894,"105.801957, 21.119270",210 km,BIKE_09353,19.0,1009,Grey
USR0011094,"105.719407, 21.077490",403 km,BIKE_00501,27.0,1003,Black
USR0057410,"106.697861, 10.710846",285 km,BIKE_13215,10.0,1003,Red
USR0045423,"106.659215, 10.878064",57 km,BIKE_03014,16.0,1063,Red
USR0065193,"105.736826, 21.147408",58 km,BIKE_20363,11.0,1063,Blue
USR0061342,"105.880260, 21.037535",478 km,BIKE_15211,30.0,1213,White
USR0077440,"106.736232, 10.751302",60 km,BIKE_31378,26.0,1279,Black
USR0099520,"106.740783, 10.829227",239 km,BIKE_35889,17.0,1147,Blue
USR0012014,"106.734739, 10.871474",271 km,BIKE_31958,44.0,1243,Grey
USR0070316,"105.888209, 21.029607",41 km,BIKE_17902,28.0,1183,Black
USR0014435,"106.749140, 10.885571",276 km,BIKE_04528,29.0,1246,Unknown
USR0058706,"105.708378, 21.086555",326 km,BIKE_11243,28.0,1135,White
USR0156441,"106.633042, 10.775573",313 km,BIKE_35317,49.0,1210,White
USR0076244,"105.855770, 21.167432",456 km,BIKE_09397,38.0,1222,Black
USR0130953,"105.704780, 21.024714",273 km,BIKE_22482,42.0,1072,Silver
USR0198966,"105.761794, 20.951886",96 km,BIKE_32378,18.0,1069,Black
USR0072487,"106.601046, 10.736403",327 km,BIKE_10171,11.0,1006,Black
USR0010488,"106.696216, 10.710659",300 km,BIKE_25806,21.0,1219,Silver
USR0067746,"105.818803, 20.936674",393 km,BIKE_31404,24.0,1180,White
USR0093158,"106.767238, 10.721386",85 km,BIKE_16985,21.0,1219,Orange
USR0094566,"106.738649, 10.764333",368 km,BIKE_05226,9.0,1147,Black
USR0149097,"106.622490, 10.896462",166 km,BIKE_20935,22.0,1252,Red
USR0185618,"106.668145, 10.849124",81 km,BIKE_27618,40.0,1069,Brown
USR0018033,"105.841689, 21.053154",72 km,BIKE_11754,10.0,1192,Silver
USR0173026,"105.722547, 20.991865",306 km,BIKE_10969,22.0,1222,Red
USR0050744,"105.841433, 21.049101",370 km,BIKE_29442,31.0,1063,Silver
USR0000127,"106.754327, 10.766298",335 km,BIKE_29704,12.0,1171,Silver
USR0123514,"105.730107, 21.005453",27 km,BIKE_33028,9.0,1273,Black
USR0074570,"106.645404, 10.899415",237 km,BIKE_15080,12.0,1243,White
USR0114904,"106.690378, 10.738802",469 km,BIKE_29434,25.0,1153,Black
USR0097540,"105.837073, 21.026752",117 km,BIKE_00214,22.0,1252,Blue
USR0122036,"106.727495, 10.809175",46 km,BIKE_17873,28.0,1252,Red
USR0136621,"106.793544, 10.852324",168 km,BIKE_08622,17.0,1240,Grey
USR0168334,"105.785771, 21.117418",197 km,BIKE_33229,9.0,1201,Blue
USR0139346,"105.896733, 21.058556",396 km,BIKE_32051,19.0,1210,Gold
USR0107576,"105.854895, 21.123728",66 km,BIKE_17859,30.0,1225,Red
USR0020798,"106.696311, 10.805747",40 km,BIKE_27875,21.0,1252,Bronze
USR0112314,"106.719930, 10.769842",34 km,BIKE_38400,19.0,1201,Silver
USR0032048,"106.717809, 10.856271",231 km,BIKE_31468,45.0,1153,Black
USR0038357,"105.747193, 21.068731",272 km,BIKE_16113,22.0,1180,Silver
USR0107420,"105.759603, 21.069398",191 km,BIKE_25725,22.0,1153,Silver
USR0023580,"106.607578, 10.739673",103 km,BIKE_01819,23.0,1147,Black
USR0088218,"105.811636, 21.132246",478 km,BIKE_06216,46.0,1264,Orange
USR0132859,"105.710845, 21.038493",224 km,BIKE_14623,30.0,1072,White
USR0001094,"105.703997, 21.119640",143 km,BIKE_38584,47.0,1246,Blue
USR0159517,"105.773751, 21.048457",282 km,BIKE_28654,30.0,1030,Silver
USR0096451,"106.671332, 10.775954",27 km,BIKE_26717,21.0,1195,Silver
USR0041678,"105.753599, 21.172728",415 km,BIKE_08445,42.0,1237,Grey
USR0196084,"105.826521, 21.045945",455 km,BIKE_16658,27.0,1225,Black
USR0172738,"105.797663, 21.066913",393 km,BIKE_19391,30.0,1003,White
USR0164213,"106.724717, 10.703264",472 km,BIKE_26180,23.0,1069,Red
USR0172624,"105.853958, 20.993803",163 km,BIKE_33616,25.0,1063,Black
USR0126821,"106.766089, 10.853411",275 km,BIKE_10595,43.0,1006,Black
USR0169563,"106.787947, 10.861833",76 km,BIKE_23026,18.0,1063,Black
USR0178162,"105.746346, 21.131975",492 km,BIKE_29202,26.0,1204,Unknown
USR0054951,"106.648289, 10.823793",263 km,BIKE_34703,11.0,1153,White
USR0048822,"105.751581, 20.933781",164 km,BIKE_15109,50.0,1222,Silver
USR0197351,"105.828005, 21.087126",169 km,BIKE_16823,9.0,1153,Red
USR0043586,"106.701417, 10.809294",197 km,BIKE_22220,21.0,1201,Green
USR0100600,"106.666637, 10.728328",202 km,BIKE_01981,24.0,1264,Red
USR0181048,"105.797617, 21.193437",436 km,BIKE_17355,26.0,1066,Blue
USR0089196,"105.835479, 21.134410",133 km,BIKE_14224,37.0,1168,Grey
USR0089196,"106.761721, 10.843819",49 km,BIKE_35237,24.0,1240,Red
USR0036357,"105.866079, 20.980093",381 km,BIKE_31147,29.0,1009,Black
USR0069414,"106.637718, 10.894159",295 km,BIKE_25007,23.0,1273,Red
USR0037883,"106.613061, 10.842965",343 km,BIKE_35924,40.0,1066,Black
USR0039703,"105.700190, 21.080278",247 km,BIKE_15243,10.0,1087,Black
USR0008098,"106.741825, 10.716090",163 km,BIKE_12659,29.0,1204,Unknown
USR0030505,"105.764511, 20.951986",132 km,BIKE_31577,23.0,1264,White
USR0106989,"105.774087, 20.996372",290 km,BIKE_19746,18.0,1279,White
USR0172784,"106.727522, 10.881940",228 km,BIKE_05038,24.0,1000,Gold
USR0028369,"105.722619, 21.148556",391 km,BIKE_16809,26.0,1264,Black
USR0135794,"105.744198, 20.987463",243 km,BIKE_35746,43.0,1198,Silver
USR0000630,"106.744283, 10.704054",100 km,BIKE_31319,22.0,1168,Blue
USR0186902,"106.670893, 10.767937",59 km,BIKE_29782,29.0,1063,Grey
USR0138969,"105.843478, 21.093031",70 km,BIKE_36077,11.0,1069,White
USR0188892,"105.820452, 21.151982",76 km,BIKE_09132,26.0,1273,Red
USR0043454,"106.777427, 10.834986",277 km,BIKE_03820,23.0,1150,Red
USR0146182,"106.654328, 10.871947",470 km,BIKE_09480,43.0,1009,Black
USR0132042,"106.708758, 10.809750",307 km,BIKE_06081,25.0,1189,Black
USR0028744,"105.729735, 21.037416",320 km,BIKE_02697,27.0,1063,Black
USR0017159,"105.817288, 21.128698",401 km,BIKE_37077,30.0,1009,Red
USR0166384,"105.763363, 20.950813",414 km,BIKE_20060,35.0,1264,Black
